https://thumb-cdn77.others-cdn.com/18ee3a91-6867-43ad-843e-2e75eecc449e/6/xv_1_t.jpg	<iframe src="https://www.xvideos.com/embedframe/omvcubu8c8c" frameborder=0 width=510 height=400 scrolling=no allowfullscreen=allowfullscreen></iframe>
https://thumbs-gcore.others-cdn.com/5642a4c4-c32c-4a8c-ae86-b0ebe33cdb93/6/xv_15_t.jpg	<iframe src="https://www.xvideos.com/embedframe/omvcckh220b" frameborder=0 width=510 height=400 scrolling=no allowfullscreen=allowfullscreen></iframe>
https://thumb-cdn77.others-cdn.com/f2b84b0b-2395-4aaf-b42d-09a7862088ba/6/xv_10_t.jpg	<iframe src="https://www.xvideos.com/embedframe/omudufm74e3" frameborder=0 width=510 height=400 scrolling=no allowfullscreen=allowfullscreen></iframe>
https://thumb-cdn77.others-cdn.com/a1f3dd7d-2119-48ec-b14c-cc0458fb255b/6/xv_15_t.jpg	<iframe src="https://www.xvideos.com/embedframe/omatclde1f2" frameborder=0 width=510 height=400 scrolling=no allowfullscreen=allowfullscreen></iframe>
https://thumb-cdn77.others-cdn.com/9b06e5f9-be0c-40c9-88f1-bb301f88a9e0/6/xv_15_t.jpg	<iframe src="https://www.xvideos.com/embedframe/omakolia880" frameborder=0 width=510 height=400 scrolling=no allowfullscreen=allowfullscreen></iframe>
https://thumb-cdn77.others-cdn.com/8229d484-cb76-4871-b2e6-b47f16ef2ac9/6/xv_15_t.jpg	<iframe src="https://www.xvideos.com/embedframe/omvauip2380" frameborder=0 width=510 height=400 scrolling=no allowfullscreen=allowfullscreen></iframe>
https://thumb-cdn77.others-cdn.com/6a4ecd6f-b84d-4588-a02d-4349b5c980ef/3/xv_15_t.jpg	<iframe src="https://www.xvideos.com/embedframe/okfmevob3a6" frameborder=0 width=510 height=400 scrolling=no allowfullscreen=allowfullscreen></iframe>
https://thumbs-gcore.others-cdn.com/2888ae38-6cfb-4728-8399-0f3db8a9b052/6/xv_17_t.jpg	<iframe src="https://www.xvideos.com/embedframe/omatpue4ef8" frameborder=0 width=510 height=400 scrolling=no allowfullscreen=allowfullscreen></iframe>
https://thumb-cdn77.others-cdn.com/02518933-94ce-49cf-b2b1-604ff31b95a8/6/xv_15_t.jpg	<iframe src="https://www.xvideos.com/embedframe/ommiifi796c" frameborder=0 width=510 height=400 scrolling=no allowfullscreen=allowfullscreen></iframe>
https://thumb-cdn77.others-cdn.com/7452fc03-c1ab-45d1-847f-8a367fb79268/6/xv_30_t.jpg	<iframe src="https://www.xvideos.com/embedframe/omahpce6b15" frameborder=0 width=510 height=400 scrolling=no allowfullscreen=allowfullscreen></iframe>
https://thumb-cdn77.others-cdn.com/7e65e211-363e-4250-ab3e-5aadf1f35981/6/xv_15_t.jpg	<iframe src="https://www.xvideos.com/embedframe/omahvlt7efe" frameborder=0 width=510 height=400 scrolling=no allowfullscreen=allowfullscreen></iframe>
https://thumb-cdn77.others-cdn.com/3f07e3a6-f733-49d3-a5ff-debf10ae8338/6/xv_30_t.jpg	<iframe src="https://www.xvideos.com/embedframe/omvmcvk1cbf" frameborder=0 width=510 height=400 scrolling=no allowfullscreen=allowfullscreen></iframe>
https://thumb-cdn77.others-cdn.com/166ecca3-5f3c-483a-a4df-a0709bac58b8/6/xv_15_t.jpg	<iframe src="https://www.xvideos.com/embedframe/omilhdm2e5b" frameborder=0 width=510 height=400 scrolling=no allowfullscreen=allowfullscreen></iframe>
https://thumb-cdn77.others-cdn.com/7fd8fdbb-8dd0-40ce-938f-5263cb415781/6/xv_15_t.jpg	<iframe src="https://www.xvideos.com/embedframe/omloiat1362" frameborder=0 width=510 height=400 scrolling=no allowfullscreen=allowfullscreen></iframe>
https://thumb-cdn77.others-cdn.com/057df34b-5de0-4bd8-9770-4e4cd992a66d/6/xv_15_t.jpg	<iframe src="https://www.xvideos.com/embedframe/ompiivfa6d6" frameborder=0 width=510 height=400 scrolling=no allowfullscreen=allowfullscreen></iframe>
https://thumb-cdn77.others-cdn.com/d5872cf0-74c2-4123-a4ef-2c88a06275db/6/xv_15_t.jpg	<iframe src="https://www.xvideos.com/embedframe/omvkpibdc0e" frameborder=0 width=510 height=400 scrolling=no allowfullscreen=allowfullscreen></iframe>
https://thumb-cdn77.others-cdn.com/23a79ce4-a3f0-4f67-9ce8-bbc954873731/6/xv_15_t.jpg	<iframe src="https://www.xvideos.com/embedframe/omakmce3462" frameborder=0 width=510 height=400 scrolling=no allowfullscreen=allowfullscreen></iframe>
https://thumb-cdn77.others-cdn.com/35f6ac6f-d95e-4642-a086-46c54a45f55b/6/xv_15_t.jpg	<iframe src="https://www.xvideos.com/embedframe/omvkuff86e0" frameborder=0 width=510 height=400 scrolling=no allowfullscreen=allowfullscreen></iframe>
https://thumb-cdn77.others-cdn.com/759814c3-27b1-454b-aba2-0e8603e72781/6/xv_15_t.jpg	<iframe src="https://www.xvideos.com/embedframe/omatipm6480" frameborder=0 width=510 height=400 scrolling=no allowfullscreen=allowfullscreen></iframe>
https://thumb-cdn77.others-cdn.com/1a26d5a8-ea72-486c-b06c-d7e3a8d52525/6/xv_15_t.jpg	<iframe src="https://www.xvideos.com/embedframe/omailmu65fa" frameborder=0 width=510 height=400 scrolling=no allowfullscreen=allowfullscreen></iframe>
https://thumb-cdn77.others-cdn.com/359b1a13-72d4-4d6a-894b-d85ba67acbc5/6/xv_8_t.jpg	<iframe src="https://www.xvideos.com/embedframe/omaildhb89f" frameborder=0 width=510 height=400 scrolling=no allowfullscreen=allowfullscreen></iframe>
https://thumbs-gcore.others-cdn.com/be8a51e1-46b2-4043-82dc-8dc1c41a41ba/6/xv_19_t.jpg	<iframe src="https://www.xvideos.com/embedframe/omahmhfb28d" frameborder=0 width=510 height=400 scrolling=no allowfullscreen=allowfullscreen></iframe>
https://thumb-cdn77.others-cdn.com/703d7b4d-b0f0-4d44-a4bb-6c8e42c0dbeb/6/xv_15_t.jpg	<iframe src="https://www.xvideos.com/embedframe/omathuu23e8" frameborder=0 width=510 height=400 scrolling=no allowfullscreen=allowfullscreen></iframe>
https://thumb-cdn77.others-cdn.com/363227db-a780-4278-a7b4-635acf0b9c5d/6/xv_22_t.jpg	<iframe src="https://www.xvideos.com/embedframe/omvebppb4ac" frameborder=0 width=510 height=400 scrolling=no allowfullscreen=allowfullscreen></iframe>
https://thumb-cdn77.others-cdn.com/acb50d49-837a-474c-9836-0aab7ce6e675/6/xv_15_t.jpg	<iframe src="https://www.xvideos.com/embedframe/omvebpve821" frameborder=0 width=510 height=400 scrolling=no allowfullscreen=allowfullscreen></iframe>
https://thumb-cdn77.others-cdn.com/5aabccc5-826e-4106-9a6e-f510b0505f5c/6/xv_30_t.jpg	<iframe src="https://www.xvideos.com/embedframe/omatfpc7521" frameborder=0 width=510 height=400 scrolling=no allowfullscreen=allowfullscreen></iframe>
https://thumb-cdn77.others-cdn.com/594cac94-244c-4b35-a608-d1006bfeadb8/6/xv_12_t.jpg	<iframe src="https://www.xvideos.com/embedframe/omahfkla55b" frameborder=0 width=510 height=400 scrolling=no allowfullscreen=allowfullscreen></iframe>
https://thumb-cdn77.others-cdn.com/64a336a7-2cfe-4b05-9286-2d0a62aeb6fa/6/xv_28_t.jpg	<iframe src="https://www.xvideos.com/embedframe/omvlmaveb09" frameborder=0 width=510 height=400 scrolling=no allowfullscreen=allowfullscreen></iframe>
https://thumb-cdn77.others-cdn.com/6ab6dab8-a053-467e-9fb0-de535ddfa3b3/6/xv_15_t.jpg	<iframe src="https://www.xvideos.com/embedframe/omahepf3724" frameborder=0 width=510 height=400 scrolling=no allowfullscreen=allowfullscreen></iframe>
https://thumb-cdn77.others-cdn.com/cb535f59-5bd5-4955-ae32-2e303501e15a/6/xv_7_t.jpg	<iframe src="https://www.xvideos.com/embedframe/omahcuu7431" frameborder=0 width=510 height=400 scrolling=no allowfullscreen=allowfullscreen></iframe>
https://thumb-cdn77.others-cdn.com/015d5506-89de-4a1a-8cc7-5efcd9a88e8b/6/xv_30_t.jpg	<iframe src="https://www.xvideos.com/embedframe/omaheohf006" frameborder=0 width=510 height=400 scrolling=no allowfullscreen=allowfullscreen></iframe>
https://thumb-cdn77.others-cdn.com/1182d1d9-e84d-4739-9c8d-171024d218e5/6/xv_15_t.jpg	<iframe src="https://www.xvideos.com/embedframe/omahvlff7db" frameborder=0 width=510 height=400 scrolling=no allowfullscreen=allowfullscreen></iframe>
https://thumb-cdn77.others-cdn.com/0d51b02f-4e03-49bd-821b-651da5b29a89/6/xv_8_t.jpg	<iframe src="https://www.xvideos.com/embedframe/omahclf3b93" frameborder=0 width=510 height=400 scrolling=no allowfullscreen=allowfullscreen></iframe>
https://thumb-cdn77.others-cdn.com/a7cda2eb-9fc9-4361-b9cf-bcf03f73149d/6/xv_15_t.jpg	<iframe src="https://www.xvideos.com/embedframe/omatfptae1e" frameborder=0 width=510 height=400 scrolling=no allowfullscreen=allowfullscreen></iframe>
https://thumb-cdn77.others-cdn.com/2c08266d-99ba-496c-bcb7-cf06076f115a/6/xv_15_t.jpg	<iframe src="https://www.xvideos.com/embedframe/omahutdb26b" frameborder=0 width=510 height=400 scrolling=no allowfullscreen=allowfullscreen></iframe>
https://thumb-cdn77.others-cdn.com/d3689cd3-380e-45af-bc04-d162e66f4cd6/6/xv_5_t.jpg	<iframe src="https://www.xvideos.com/embedframe/omvcmuoe614" frameborder=0 width=510 height=400 scrolling=no allowfullscreen=allowfullscreen></iframe>
https://thumb-cdn77.others-cdn.com/e57d60f0-bd8b-4ada-8cf9-8a1fc5624047/6/xv_15_t.jpg	<iframe src="https://www.xvideos.com/embedframe/omahthm02a4" frameborder=0 width=510 height=400 scrolling=no allowfullscreen=allowfullscreen></iframe>
https://thumb-cdn77.others-cdn.com/443ed69d-951d-4a3a-a303-898e77abb9ea/6/xv_15_t.jpg	<iframe src="https://www.xvideos.com/embedframe/omveehbb559" frameborder=0 width=510 height=400 scrolling=no allowfullscreen=allowfullscreen></iframe>
https://thumb-cdn77.others-cdn.com/7ec0d992-e1b2-4e4d-9907-36b210e6a83f/6/xv_11_t.jpg	<iframe src="https://www.xvideos.com/embedframe/omatfff5801" frameborder=0 width=510 height=400 scrolling=no allowfullscreen=allowfullscreen></iframe>
https://thumb-cdn77.others-cdn.com/bb14c4e8-1159-4dcd-8c48-0ef254ba9c09/6/xv_15_t.jpg	<iframe src="https://www.xvideos.com/embedframe/omvkoaua99d" frameborder=0 width=510 height=400 scrolling=no allowfullscreen=allowfullscreen></iframe>
https://thumb-cdn77.others-cdn.com/aed4569c-d962-4924-b5ee-5a78a8223f72/6/xv_28_t.jpg	<iframe src="https://www.xvideos.com/embedframe/omatevd9e0f" frameborder=0 width=510 height=400 scrolling=no allowfullscreen=allowfullscreen></iframe>
https://thumb-cdn77.others-cdn.com/3116190e-9e3a-4b4d-93a4-c96152d81ee5/6/xv_16_t.jpg	<iframe src="https://www.xvideos.com/embedframe/omveafub6a8" frameborder=0 width=510 height=400 scrolling=no allowfullscreen=allowfullscreen></iframe>
https://thumb-cdn77.others-cdn.com/ae19813a-84e2-4739-9eb0-a5cf2a07a16c/6/xv_23_t.jpg	<iframe src="https://www.xvideos.com/embedframe/omatbdfb600" frameborder=0 width=510 height=400 scrolling=no allowfullscreen=allowfullscreen></iframe>
https://thumb-cdn77.others-cdn.com/d726ec6c-98a0-4ecc-bc66-89127d21b0ab/6/xv_20_t.jpg	<iframe src="https://www.xvideos.com/embedframe/omatabf2bcc" frameborder=0 width=510 height=400 scrolling=no allowfullscreen=allowfullscreen></iframe>
https://thumb-cdn77.others-cdn.com/209965f8-22fa-4b6c-b555-36f09f9c70b4/6/xv_15_t.jpg	<iframe src="https://www.xvideos.com/embedframe/omatdbtf4b1" frameborder=0 width=510 height=400 scrolling=no allowfullscreen=allowfullscreen></iframe>
https://thumb-cdn77.others-cdn.com/1011d59a-d1b8-453e-b040-d2e1b213b352/6/xv_30_t.jpg	<iframe src="https://www.xvideos.com/embedframe/omvumua3e6b" frameborder=0 width=510 height=400 scrolling=no allowfullscreen=allowfullscreen></iframe>
https://thumb-cdn77.others-cdn.com/dcf46244-92ef-413b-a360-f5ea25229ad6/6/xv_15_t.jpg	<iframe src="https://www.xvideos.com/embedframe/omvehbb868e" frameborder=0 width=510 height=400 scrolling=no allowfullscreen=allowfullscreen></iframe>
https://thumb-cdn77.others-cdn.com/9b0eb0b0-34bf-4ef4-a774-afcb4292b0f7/6/xv_28_t.jpg	<iframe src="https://www.xvideos.com/embedframe/omatabpe89e" frameborder=0 width=510 height=400 scrolling=no allowfullscreen=allowfullscreen></iframe>
https://thumb-cdn77.others-cdn.com/2f2c33bb-2b78-4b20-99a5-a8294f840ddf/6/xv_15_t.jpg	<iframe src="https://www.xvideos.com/embedframe/omatpml15cb" frameborder=0 width=510 height=400 scrolling=no allowfullscreen=allowfullscreen></iframe>
https://thumb-cdn77.others-cdn.com/af60ed15-6608-408a-81d3-e78e9df3c7fe/6/xv_4_t.jpg	<iframe src="https://www.xvideos.com/embedframe/omatleo5e55" frameborder=0 width=510 height=400 scrolling=no allowfullscreen=allowfullscreen></iframe>
https://thumb-cdn77.others-cdn.com/94e942b9-2833-4593-94f7-f3cc7b9c9168/6/xv_15_t.jpg	<iframe src="https://www.xvideos.com/embedframe/omatdbpaeaa" frameborder=0 width=510 height=400 scrolling=no allowfullscreen=allowfullscreen></iframe>
https://thumb-cdn77.others-cdn.com/11a98fd7-51e9-4ab0-9349-6df45fc6e5a3/6/xv_15_t.jpg	<iframe src="https://www.xvideos.com/embedframe/omatudh91cf" frameborder=0 width=510 height=400 scrolling=no allowfullscreen=allowfullscreen></iframe>
https://thumb-cdn77.others-cdn.com/0ba841ee-f430-4cfc-af14-997e57285484/6/xv_15_t.jpg	<iframe src="https://www.xvideos.com/embedframe/omatuce4d86" frameborder=0 width=510 height=400 scrolling=no allowfullscreen=allowfullscreen></iframe>
https://thumb-cdn77.others-cdn.com/f6567e6e-cc83-43d4-8057-6bb6ba34a4ae/6/xv_15_t.jpg	<iframe src="https://www.xvideos.com/embedframe/omatuad5df7" frameborder=0 width=510 height=400 scrolling=no allowfullscreen=allowfullscreen></iframe>
https://thumb-cdn77.others-cdn.com/424e8a78-2fc7-4abd-9d9f-22a6fbb9a6e1/6/xv_30_t.jpg	<iframe src="https://www.xvideos.com/embedframe/omvkavc2748" frameborder=0 width=510 height=400 scrolling=no allowfullscreen=allowfullscreen></iframe>
https://thumb-cdn77.others-cdn.com/45731206-f909-435e-9fcd-e06a3d43d3d1/6/xv_11_t.jpg	<iframe src="https://www.xvideos.com/embedframe/omvubpde53a" frameborder=0 width=510 height=400 scrolling=no allowfullscreen=allowfullscreen></iframe>
https://thumb-cdn77.others-cdn.com/562c33af-9128-4f7f-9ad6-073c18487d57/6/xv_15_t.jpg	<iframe src="https://www.xvideos.com/embedframe/omatkpk48f1" frameborder=0 width=510 height=400 scrolling=no allowfullscreen=allowfullscreen></iframe>
https://thumbs-gcore.others-cdn.com/6abd9177-880c-4ec9-94c4-e5d7fd1f18a6/6/xv_15_t.jpg	<iframe src="https://www.xvideos.com/embedframe/omatuve68df" frameborder=0 width=510 height=400 scrolling=no allowfullscreen=allowfullscreen></iframe>
https://thumb-cdn77.others-cdn.com/dd5f82fa-181f-4fb3-998f-231331933b9e/6/xv_15_t.jpg	<iframe src="https://www.xvideos.com/embedframe/omatuvb3d37" frameborder=0 width=510 height=400 scrolling=no allowfullscreen=allowfullscreen></iframe>
https://thumb-cdn77.others-cdn.com/1f371ef3-1e45-4d7a-9710-9f93fe15eb61/6/xv_15_t.jpg	<iframe src="https://www.xvideos.com/embedframe/omatumdcfb9" frameborder=0 width=510 height=400 scrolling=no allowfullscreen=allowfullscreen></iframe>
https://thumb-cdn77.others-cdn.com/68a478b3-d6d3-4ee7-be29-1fefd57ae9c4/6/xv_15_t.jpg	<iframe src="https://www.xvideos.com/embedframe/omatumh73b9" frameborder=0 width=510 height=400 scrolling=no allowfullscreen=allowfullscreen></iframe>
https://thumb-cdn77.others-cdn.com/2caef0ca-a30c-442f-8d74-13d8a2c63fb9/6/xv_15_t.jpg	<iframe src="https://www.xvideos.com/embedframe/omvfobv4ce8" frameborder=0 width=510 height=400 scrolling=no allowfullscreen=allowfullscreen></iframe>
https://thumb-cdn77.others-cdn.com/1f6ac71f-a5d0-443f-9b08-c486f5550775/6/xv_15_t.jpg	<iframe src="https://www.xvideos.com/embedframe/omatupoc384" frameborder=0 width=510 height=400 scrolling=no allowfullscreen=allowfullscreen></iframe>
https://thumb-cdn77.others-cdn.com/1162dedd-5da9-4203-8707-74af9ceff796/6/xv_15_t.jpg	<iframe src="https://www.xvideos.com/embedframe/omatuoc22ed" frameborder=0 width=510 height=400 scrolling=no allowfullscreen=allowfullscreen></iframe>
https://thumb-cdn77.others-cdn.com/0a8ac632-74eb-4ffb-8429-8909849e45f4/6/xv_16_t.jpg	<iframe src="https://www.xvideos.com/embedframe/omvdepu9d62" frameborder=0 width=510 height=400 scrolling=no allowfullscreen=allowfullscreen></iframe>
https://thumb-cdn77.others-cdn.com/41a56c20-61bf-451b-ad71-c527ed78f362/6/xv_15_t.jpg	<iframe src="https://www.xvideos.com/embedframe/omveddk0f89" frameborder=0 width=510 height=400 scrolling=no allowfullscreen=allowfullscreen></iframe>
https://thumb-cdn77.others-cdn.com/0364bcb6-75e3-4e24-9687-40c229e33184/3/xv_15_t.jpg	<iframe src="https://www.xvideos.com/embedframe/ouplkcuadd0" frameborder=0 width=510 height=400 scrolling=no allowfullscreen=allowfullscreen></iframe>
https://thumb-cdn77.others-cdn.com/b87acfcb-4626-4c1e-b0ab-f8af640fb92c/3/xv_15_t.jpg	<iframe src="https://www.xvideos.com/embedframe/ouplkeu0e55" frameborder=0 width=510 height=400 scrolling=no allowfullscreen=allowfullscreen></iframe>
https://thumb-cdn77.others-cdn.com/1e2c7781-18f0-440e-9c73-2c766c35ed1d/6/xv_29_t.jpg	<iframe src="https://www.xvideos.com/embedframe/omatmhd170e" frameborder=0 width=510 height=400 scrolling=no allowfullscreen=allowfullscreen></iframe>
https://thumb-cdn77.others-cdn.com/1d3b3283-33f0-4192-ab43-4c3388e89667/6/xv_15_t.jpg	<iframe src="https://www.xvideos.com/embedframe/omvffdf73ed" frameborder=0 width=510 height=400 scrolling=no allowfullscreen=allowfullscreen></iframe>
https://thumb-cdn77.others-cdn.com/2e9d5c60-25a3-4b04-ad06-863b3a64d727/6/xv_15_t.jpg	<iframe src="https://www.xvideos.com/embedframe/omvffdk6184" frameborder=0 width=510 height=400 scrolling=no allowfullscreen=allowfullscreen></iframe>
https://thumb-cdn77.others-cdn.com/d2493a58-81d4-4045-9af3-d94d2b8f3b89/6/xv_15_t.jpg	<iframe src="https://www.xvideos.com/embedframe/omatuuma3ad" frameborder=0 width=510 height=400 scrolling=no allowfullscreen=allowfullscreen></iframe>
https://thumb-cdn77.others-cdn.com/f63c5a26-bbc8-41ea-93e5-265f33fae0e6/6/xv_15_t.jpg	<iframe src="https://www.xvideos.com/embedframe/omvkoecc42a" frameborder=0 width=510 height=400 scrolling=no allowfullscreen=allowfullscreen></iframe>
https://thumb-cdn77.others-cdn.com/5889440d-02be-40ed-8fd5-7cfc5ddd7525/6/xv_14_t.jpg	<iframe src="https://www.xvideos.com/embedframe/omatpub3e28" frameborder=0 width=510 height=400 scrolling=no allowfullscreen=allowfullscreen></iframe>
https://thumb-cdn77.others-cdn.com/ac2fd10c-be09-45d1-b77b-61bde6e8c1a4/6/xv_15_t.jpg	<iframe src="https://www.xvideos.com/embedframe/omatulvb9eb" frameborder=0 width=510 height=400 scrolling=no allowfullscreen=allowfullscreen></iframe>
https://thumb-cdn77.others-cdn.com/587fde15-dd7b-490f-abb8-ca40a35122dc/6/xv_9_t.jpg	<iframe src="https://www.xvideos.com/embedframe/omviadcb31e" frameborder=0 width=510 height=400 scrolling=no allowfullscreen=allowfullscreen></iframe>
https://thumbs-gcore.others-cdn.com/fbdf9598-766e-4a83-b96a-7eeefd837033/6/xv_15_t.jpg	<iframe src="https://www.xvideos.com/embedframe/omatutl298e" frameborder=0 width=510 height=400 scrolling=no allowfullscreen=allowfullscreen></iframe>
https://thumb-cdn77.others-cdn.com/c9ea9c56-ed7a-459e-8e9c-4dad627bc85e/6/xv_15_t.jpg	<iframe src="https://www.xvideos.com/embedframe/omatkff2611" frameborder=0 width=510 height=400 scrolling=no allowfullscreen=allowfullscreen></iframe>
https://thumbs-gcore.others-cdn.com/2fbd7852-bf29-4cc9-ae4a-2ca0a7facc69/6/xv_15_t.jpg	<iframe src="https://www.xvideos.com/embedframe/omatked33e6" frameborder=0 width=510 height=400 scrolling=no allowfullscreen=allowfullscreen></iframe>
https://thumb-cdn77.others-cdn.com/86fb7b17-7696-4399-ab71-d91907255a8d/6/xv_30_t.jpg	<iframe src="https://www.xvideos.com/embedframe/omathko0403" frameborder=0 width=510 height=400 scrolling=no allowfullscreen=allowfullscreen></iframe>
https://thumbs-gcore.others-cdn.com/0c8154fd-293e-47a9-b218-73338d3a91ca/6/xv_24_t.jpg	<iframe src="https://www.xvideos.com/embedframe/omvebvt76a3" frameborder=0 width=510 height=400 scrolling=no allowfullscreen=allowfullscreen></iframe>
https://thumb-cdn77.others-cdn.com/30c1603b-fc7d-4a10-9578-79abab5673b2/6/xv_2_t.jpg	<iframe src="https://www.xvideos.com/embedframe/omvefop7dec" frameborder=0 width=510 height=400 scrolling=no allowfullscreen=allowfullscreen></iframe>
https://thumb-cdn77.others-cdn.com/801f6352-d864-47ab-aa7a-0a62ff6821e3/6/xv_15_t.jpg	<iframe src="https://www.xvideos.com/embedframe/omvftcdc682" frameborder=0 width=510 height=400 scrolling=no allowfullscreen=allowfullscreen></iframe>
https://thumb-cdn77.others-cdn.com/244302ce-b64b-46a8-a2b2-191da5eee1eb/6/xv_15_t.jpg	<iframe src="https://www.xvideos.com/embedframe/omatkpc5e0d" frameborder=0 width=510 height=400 scrolling=no allowfullscreen=allowfullscreen></iframe>
https://thumb-cdn77.others-cdn.com/ed159b4c-d648-413a-8276-75e88fdf306f/6/xv_15_t.jpg	<iframe src="https://www.xvideos.com/embedframe/omatkkc9d55" frameborder=0 width=510 height=400 scrolling=no allowfullscreen=allowfullscreen></iframe>
https://thumb-cdn77.others-cdn.com/17711bd0-97ca-42c9-aef3-012410679f8b/6/xv_2_t.jpg	<iframe src="https://www.xvideos.com/embedframe/omvfbvie51f" frameborder=0 width=510 height=400 scrolling=no allowfullscreen=allowfullscreen></iframe>
https://thumb-cdn77.others-cdn.com/49a1bf55-5d79-4685-946f-cb08472bf32d/6/xv_2_t.jpg	<iframe src="https://www.xvideos.com/embedframe/omvutihcab2" frameborder=0 width=510 height=400 scrolling=no allowfullscreen=allowfullscreen></iframe>
https://thumb-cdn77.others-cdn.com/95c2c56c-f75c-4173-a4f1-8f284ae9fea1/6/xv_14_t.jpg	<iframe src="https://www.xvideos.com/embedframe/omvdvia46b4" frameborder=0 width=510 height=400 scrolling=no allowfullscreen=allowfullscreen></iframe>
https://thumb-cdn77.others-cdn.com/e38054ca-ab47-477e-b541-b0d5d2b3122c/6/xv_15_t.jpg	<iframe src="https://www.xvideos.com/embedframe/omvdvkk5868" frameborder=0 width=510 height=400 scrolling=no allowfullscreen=allowfullscreen></iframe>
https://thumb-cdn77.others-cdn.com/7093679f-7c6c-4a7b-845d-6329d762b652/6/xv_11_t.jpg	<iframe src="https://www.xvideos.com/embedframe/omvffht188e" frameborder=0 width=510 height=400 scrolling=no allowfullscreen=allowfullscreen></iframe>
https://thumb-cdn77.others-cdn.com/cfda462d-e551-48a3-94a1-b5d51ccbe0f3/6/xv_9_t.jpg	<iframe src="https://www.xvideos.com/embedframe/omveflv2605" frameborder=0 width=510 height=400 scrolling=no allowfullscreen=allowfullscreen></iframe>
https://thumb-cdn77.others-cdn.com/f204cf02-5ccf-4e12-a8f7-b541c539863a/6/xv_8_t.jpg	<iframe src="https://www.xvideos.com/embedframe/omvefmdf39c" frameborder=0 width=510 height=400 scrolling=no allowfullscreen=allowfullscreen></iframe>
https://thumbs-gcore.others-cdn.com/4038ea30-9618-4df4-9edb-c0ded9a553e0/6/xv_25_t.jpg	<iframe src="https://www.xvideos.com/embedframe/omvecko22fc" frameborder=0 width=510 height=400 scrolling=no allowfullscreen=allowfullscreen></iframe>
https://thumb-cdn77.others-cdn.com/e2c3dae1-2cc8-438d-8aa5-4f2cc0aac78b/6/xv_9_t.jpg	<iframe src="https://www.xvideos.com/embedframe/omvedvu6a32" frameborder=0 width=510 height=400 scrolling=no allowfullscreen=allowfullscreen></iframe>
https://thumb-cdn77.others-cdn.com/f57ce4e2-da6c-435a-bb0a-71b58dd33aba/6/xv_6_t.jpg	<iframe src="https://www.xvideos.com/embedframe/omvfemu636d" frameborder=0 width=510 height=400 scrolling=no allowfullscreen=allowfullscreen></iframe>
https://thumb-cdn77.others-cdn.com/7fca2c9c-f277-4174-b365-f2ccef7b329d/3/xv_15_t.jpg	<iframe src="https://www.xvideos.com/embedframe/oopevdkb49a" frameborder=0 width=510 height=400 scrolling=no allowf
https://thumb-cdn77.others-cdn.com/56bd1ae4-8ec7-4d1f-910e-bd3ab9007349/6/xv_15_t.jpg	<iframe src="https://www.xvideos.com/embedframe/omaoltlc168" frameborder=0 width=510 height=400 scrolling=no allowfullscreen=allowfullscreen></iframe>
https://thumb-cdn77.others-cdn.com/2f7fd535-e000-4bdc-aebe-c3a3de3809ba/6/xv_15_t.jpg	<iframe src="https://www.xvideos.com/embedframe/omaomkk0af8" frameborder=0 width=510 height=400 scrolling=no allowfullscreen=allowfullscreen></iframe>
https://thumb-cdn77.others-cdn.com/ad7805af-b17e-4bc4-8469-b393cf53322b/6/xv_15_t.jpg	<iframe src="https://www.xvideos.com/embedframe/omaopufa96d" frameborder=0 width=510 height=400 scrolling=no allowfullscreen=allowfullscreen></iframe>
https://thumb-cdn77.others-cdn.com/72003af0-6fe3-4efb-b261-e2583885513c/6/xv_15_t.jpg	<iframe src="https://www.xvideos.com/embedframe/omaopucd440" frameborder=0 width=510 height=400 scrolling=no allowfullscreen=allowfullscreen></iframe>
https://thumb-cdn77.others-cdn.com/5a66ba4c-30e2-4de9-8484-103d9c26efc5/6/xv_15_t.jpg	<iframe src="https://www.xvideos.com/embedframe/omakmauf8a2" frameborder=0 width=510 height=400 scrolling=no allowfullscreen=allowfullscreen></iframe>
https://thumb-cdn77.others-cdn.com/a58e6c9f-eba7-4fac-8604-8f607b6a1853/6/xv_30_t.jpg	<iframe src="https://www.xvideos.com/embedframe/omaooov77de" frameborder=0 width=510 height=400 scrolling=no allowfullscreen=allowfullscreen></iframe>
https://thumbs-gcore.others-cdn.com/30e1d542-d935-4056-81a3-60dcc56fe214/6/xv_15_t.jpg	<iframe src="https://www.xvideos.com/embedframe/omaimaof1d5" frameborder=0 width=510 height=400 scrolling=no allowfullscreen=allowfullscreen></iframe>
https://thumb-cdn77.others-cdn.com/fb27ccad-4cba-4c5b-bc0a-dbc3a1bfaae9/6/xv_15_t.jpg	<iframe src="https://www.xvideos.com/embedframe/omaimfpbd96" frameborder=0 width=510 height=400 scrolling=no allowfullscreen=allowfullscreen></iframe>
https://thumb-cdn77.others-cdn.com/cb0ffa99-5730-468b-a4da-950b404c0d9a/6/xv_15_t.jpg	<iframe src="https://www.xvideos.com/embedframe/omahioh63cb" frameborder=0 width=510 height=400 scrolling=no allowfullscreen=allowfullscreen></iframe>
https://thumb-cdn77.others-cdn.com/dfc6b074-a24c-4ffe-ab52-567a2f521d99/6/xv_15_t.jpg	<iframe src="https://www.xvideos.com/embedframe/omauccb07af" frameborder=0 width=510 height=400 scrolling=no allowfullscreen=allowfullscreen></iframe>
https://thumbs-gcore.others-cdn.com/970e435c-019f-402f-84fb-1cbdb564a644/6/xv_30_t.jpg	<iframe src="https://www.xvideos.com/embedframe/omaohluae9c" frameborder=0 width=510 height=400 scrolling=no allowfullscreen=allowfullscreen></iframe>
https://thumb-cdn77.others-cdn.com/d7ad7ef8-e0ac-44e6-8cb6-14220f459aeb/6/xv_5_t.jpg	<iframe src="https://www.xvideos.com/embedframe/omaotufdb81" frameborder=0 width=510 height=400 scrolling=no allowfullscreen=allowfullscreen></iframe>
https://thumb-cdn77.others-cdn.com/91b2c36e-5399-4718-9a5e-b699d6c02452/6/xv_15_t.jpg	<iframe src="https://www.xvideos.com/embedframe/omaoteo1944" frameborder=0 width=510 height=400 scrolling=no allowfullscreen=allowfullscreen></iframe>
https://thumb-cdn77.others-cdn.com/ee28331b-0fc3-48fa-9ecf-8f1b5c7fb70e/6/xv_8_t.jpg	<iframe src="https://www.xvideos.com/embedframe/omaohmbc616" frameborder=0 width=510 height=400 scrolling=no allowfullscreen=allowfullscreen></iframe>
https://thumbs-gcore.others-cdn.com/c2f3eb77-6b6a-4bf6-9921-ac0c25b58e04/6/xv_15_t.jpg	<iframe src="https://www.xvideos.com/embedframe/omauekp3c1a" frameborder=0 width=510 height=400 scrolling=no allowfullscreen=allowfullscreen></iframe>
https://thumb-cdn77.others-cdn.com/6e572e9c-b088-4e49-8a03-1eaf56ff8890/6/xv_15_t.jpg	<iframe src="https://www.xvideos.com/embedframe/omaudmfb095" frameborder=0 width=510 height=400 scrolling=no allowfullscreen=allowfullscreen></iframe>
https://thumb-cdn77.others-cdn.com/092888f0-d829-4147-a008-2c873b48bbe1/6/xv_15_t.jpg	<iframe src="https://www.xvideos.com/embedframe/omaudphb1b2" frameborder=0 width=510 height=400 scrolling=no allowfullscreen=allowfullscreen></iframe>
https://thumb-cdn77.others-cdn.com/c2bfdfad-caf3-4dc9-8981-03b6c3198583/6/xv_15_t.jpg	<iframe src="https://www.xvideos.com/embedframe/omakplm1fcc" frameborder=0 width=510 height=400 scrolling=no allowfullscreen=allowfullscreen></iframe>
https://thumb-cdn77.others-cdn.com/542e2014-6e0c-4c76-9bd6-02c9c82c3e76/6/xv_15_t.jpg	<iframe src="https://www.xvideos.com/embedframe/omaibude086" frameborder=0 width=510 height=400 scrolling=no allowfullscreen=allowfullscreen></iframe>
https://thumb-cdn77.others-cdn.com/37dcc88a-e7f0-4149-b48d-035f5a1cafa1/6/xv_15_t.jpg	<iframe src="https://www.xvideos.com/embedframe/omaupcefb6e" frameborder=0 width=510 height=400 scrolling=no allowfullscreen=allowfullscreen></iframe>
https://thumb-cdn77.others-cdn.com/4a20a7a8-71fe-4cdf-9b42-50cb29752331/6/xv_15_t.jpg	<iframe src="https://www.xvideos.com/embedframe/omauvaha20d" frameborder=0 width=510 height=400 scrolling=no allowfullscreen=allowfullscreen></iframe>
https://thumb-cdn77.others-cdn.com/56fb35ee-39c4-47be-89c5-65bbbf3ab966/6/xv_15_t.jpg	<iframe src="https://www.xvideos.com/embedframe/omakmma0977" frameborder=0 width=510 height=400 scrolling=no allowfullscreen=allowfullscreen></iframe>
https://thumb-cdn77.others-cdn.com/c90ca6d3-3eb4-41ce-9489-b24d077d1e91/4/xv_15_t.jpg	<iframe src="https://www.xvideos.com/embedframe/ooeicau5f87" frameborder=0 width=510 height=400 scrolling=no allowfullscreen=allowfullscreen></iframe>
https://thumb-cdn77.others-cdn.com/80fc4e71-32e8-4d97-a564-42d70c1c25a6/6/xv_30_t.jpg	<iframe src="https://www.xvideos.com/embedframe/omauvlc54bd" frameborder=0 width=510 height=400 scrolling=no allowfullscreen=allowfullscreen></iframe>
https://thumb-cdn77.others-cdn.com/836ccb96-d121-4b46-a91b-c3f43e627c00/6/xv_15_t.jpg	<iframe src="https://www.xvideos.com/embedframe/omaupdu7abf" frameborder=0 width=510 height=400 scrolling=no allowfullscreen=allowfullscreen></iframe>
https://thumb-cdn77.others-cdn.com/a2393f92-ec49-48a4-b99c-388e0a22b031/6/xv_15_t.jpg	<iframe src="https://www.xvideos.com/embedframe/omaukbp3ac5" frameborder=0 width=510 height=400 scrolling=no allowfullscreen=allowfullscreen></iframe>
https://thumb-cdn77.others-cdn.com/f5f576da-2bfb-47e6-abb7-744d4d3ffcb7/6/xv_22_t.jpg	<iframe src="https://www.xvideos.com/embedframe/omvavff2d23" frameborder=0 width=510 height=400 scrolling=no allowfullscreen=allowfullscreen></iframe>
https://thumb-cdn77.others-cdn.com/e3cc1c90-4acc-4681-81c5-2933c6344b51/6/xv_26_t.jpg	<iframe src="https://www.xvideos.com/embedframe/omakfih9e65" frameborder=0 width=510 height=400 scrolling=no allowfullscreen=allowfullscreen></iframe>
https://thumb-cdn77.others-cdn.com/0449447c-e932-4300-869d-feda3d22331b/6/xv_30_t.jpg	<iframe src="https://www.xvideos.com/embedframe/omakfpp62c0" frameborder=0 width=510 height=400 scrolling=no allowfullscreen=allowfullscreen></iframe>
https://thumb-cdn77.others-cdn.com/aa041eac-5fef-4f43-9ae0-e0abd92f04d4/6/xv_2_t.jpg	<iframe src="https://www.xvideos.com/embedframe/omvuave8379" frameborder=0 width=510 height=400 scrolling=no allowfullscreen=allowfullscreen></iframe>
https://thumb-cdn77.others-cdn.com/44f28a04-734b-4c47-abc1-40b036432073/6/xv_15_t.jpg	<iframe src="https://www.xvideos.com/embedframe/omakacl1dbd" frameborder=0 width=510 height=400 scrolling=no allowfullscreen=allowfullscreen></iframe>
https://thumb-cdn77.others-cdn.com/151c1850-840c-416d-bb15-56ff364012d8/6/xv_15_t.jpg	<iframe src="https://www.xvideos.com/embedframe/omatdopf9b0" frameborder=0 width=510 height=400 scrolling=no allowfullscreen=allowfullscreen></iframe>
https://thumb-cdn77.others-cdn.com/f3f5fc4d-b454-412c-99ac-a8b303487f7f/6/xv_15_t.jpg	<iframe src="https://www.xvideos.com/embedframe/ompahpea035" frameborder=0 width=510 height=400 scrolling=no allowfullscreen=allowfullscreen></iframe>
https://thumbs-gcore.others-cdn.com/a89c8e52-bb78-4a64-b344-dfcc0df3fb20/6/xv_11_t.jpg	<iframe src="https://www.xvideos.com/embedframe/omvffcd3f3f" frameborder=0 width=510 height=400 scrolling=no allowfullscreen=allowfullscreen></iframe>
https://thumb-cdn77.others-cdn.com/966ca921-dd64-4490-883d-051aafac47f9/6/xv_15_t.jpg	<iframe src="https://www.xvideos.com/embedframe/omahlkc1d4e" frameborder=0 width=510 height=400 scrolling=no allowfullscreen=allowfullscreen></iframe>
https://thumbs-gcore.others-cdn.com/be7dd43e-019d-4a23-a4d4-67eec083d9d8/4/xv_9_t.jpg	<iframe src="https://www.xvideos.com/embedframe/ophphub80ad" frameborder=0 width=510 height=400 scrolling=no allowfullscreen=allowfullscreen></iframe>
https://thumb-cdn77.others-cdn.com/92576226-3982-438b-b137-2ae3e338d94f/6/xv_30_t.jpg	<iframe src="https://www.xvideos.com/embedframe/omvcicl6c7a" frameborder=0 width=510 height=400 scrolling=no allowfullscreen=allowfullscreen></iframe>
https://thumb-cdn77.others-cdn.com/ec46fe5c-f30c-49e3-97fd-ed6cdc9461b0/0/xv_27_t.jpg	<iframe src="https://www.xvideos.com/embedframe/ubdcfbdcf89" frameborder=0 width=510 height=400 scrolling=no allowfullscreen=allowfullscreen></iframe>
https://thumb-cdn77.others-cdn.com/c5107b0e-47ca-4cf8-8c18-7113923c94aa/6/xv_5_t.jpg	<iframe src="https://www.xvideos.com/embedframe/omvvpfd9c9f" frameborder=0 width=510 height=400 scrolling=no allowfullscreen=allowfullscreen></iframe>
https://thumb-cdn77.others-cdn.com/5ca2afbf-372d-4a57-82c7-cff9baa6a18a/0/xv_15_t.jpg	<iframe src="https://www.xvideos.com/embedframe/uucmkoid6eb" frameborder=0 width=510 height=400 scrolling=no allowfullscreen=allowfullscreen></iframe>
https://thumb-cdn77.others-cdn.com/42acacee-bf96-4a10-8a00-51239a1fb8dd/6/xv_9_t.jpg	<iframe src="https://www.xvideos.com/embedframe/omaktbdfd9f" frameborder=0 width=510 height=400 scrolling=no allowfullscreen=allowfullscreen></iframe>
https://thumb-cdn77.others-cdn.com/ae41de62-0399-486d-a0d7-0a0edc9e0d39/6/xv_30_t.jpg	<iframe src="https://www.xvideos.com/embedframe/omakkiu46f3" frameborder=0 width=510 height=400 scrolling=no allowfullscreen=allowfullscreen></iframe>
https://thumb-cdn77.others-cdn.com/24617ce8-0d2e-4d13-9050-695d8414e0cf/6/xv_15_t.jpg	<iframe src="https://www.xvideos.com/embedframe/omaicta507c" frameborder=0 width=510 height=400 scrolling=no allowfullscreen=allowfullscreen></iframe>
https://thumb-cdn77.others-cdn.com/2add663d-d041-402e-a484-6e45969b241c/6/xv_15_t.jpg	<iframe src="https://www.xvideos.com/embedframe/omaicth3657" frameborder=0 width=510 height=400 scrolling=no allowfullscreen=allowfullscreen></iframe>
https://thumb-cdn77.others-cdn.com/f7bf3da9-59e6-4b4b-b560-8839245dcd60/6/xv_15_t.jpg	<iframe src="https://www.xvideos.com/embedframe/omaibfi6367" frameborder=0 width=510 height=400 scrolling=no allowfullscreen=allowfullscreen></iframe>
https://thumb-cdn77.others-cdn.com/a135343e-495b-4719-8e3b-cceda3d19cb8/6/xv_1_t.jpg	<iframe src="https://www.xvideos.com/embedframe/omakhbk62a9" frameborder=0 width=510 height=400 scrolling=no allowfullscreen=allowfullscreen></iframe>
https://thumb-cdn77.others-cdn.com/85a6a7a9-20d0-4c13-a882-74f20983dab0/6/xv_15_t.jpg	<iframe src="https://www.xvideos.com/embedframe/omaktvcb90b" frameborder=0 width=510 height=400 scrolling=no allowfullscreen=allowfullscreen></iframe>
https://thumb-cdn77.others-cdn.com/f05a9f3c-53f5-44f1-90a0-221cefc1917f/6/xv_9_t.jpg	<iframe src="https://www.xvideos.com/embedframe/omaifph4b1c" frameborder=0 width=510 height=400 scrolling=no allowfullscreen=allowfullscreen></iframe>
https://thumb-cdn77.others-cdn.com/0a16fabe-0c81-4381-ab3a-c827e3d183b1/6/xv_2_t.jpg	<iframe src="https://www.xvideos.com/embedframe/omaiulucad8" frameborder=0 width=510 height=400 scrolling=no allowfullscreen=allowfullscreen></iframe>
https://thumb-cdn77.others-cdn.com/72e75c55-269d-41bc-a296-7d85c2d3d59a/6/xv_29_t.jpg	<iframe src="https://www.xvideos.com/embedframe/omaideu915e" frameborder=0 width=510 height=400 scrolling=no allowfullscreen=allowfullscreen></iframe>
https://thumb-cdn77.others-cdn.com/d7f10ed6-86cc-4b06-a290-b980f0646f86/6/xv_14_t.jpg	<iframe src="https://www.xvideos.com/embedframe/omaifthcfc3" frameborder=0 width=510 height=400 scrolling=no allowfullscreen=allowfullscreen></iframe>
https://thumb-cdn77.others-cdn.com/ac81ef8f-2223-421a-92fd-9ad6ad0d43cd/6/xv_15_t.jpg	<iframe src="https://www.xvideos.com/embedframe/omaieade569" frameborder=0 width=510 height=400 scrolling=no allowfullscreen=allowfullscreen></iframe>
https://thumb-cdn77.others-cdn.com/fe28ccda-0cdf-4ccd-be6f-1214b44bf169/6/xv_15_t.jpg	<iframe src="https://www.xvideos.com/embedframe/omaievo4409" frameborder=0 width=510 height=400 scrolling=no allowfullscreen=allowfullscreen></iframe>
https://thumb-cdn77.others-cdn.com/b73238a6-78ab-4a2d-9715-b5f7456d66a5/6/xv_15_t.jpg	<iframe src="https://www.xvideos.com/embedframe/omaopuvf052" frameborder=0 width=510 height=400 scrolling=no allowfullscreen=allowfullscreen></iframe>
https://thumbs-gcore.others-cdn.com/5d568935-a6b6-49ff-8ae9-4eb5e448e78e/6/xv_15_t.jpg	<iframe src="https://www.xvideos.com/embedframe/omvchpt9ff6" frameborder=0 width=510 height=400 scrolling=no allowfullscreen=allowfullscreen></iframe>
https://thumb-cdn77.others-cdn.com/3ee7eaef-21c1-43d7-8692-5dff93a611bc/6/xv_15_t.jpg	<iframe src="https://www.xvideos.com/embedframe/omtophu9460" frameborder=0 width=510 height=400 scrolling=no allowfullscreen=allowfullscreen></iframe>
https://thumb-cdn77.others-cdn.com/8255ae87-301e-42ac-99e2-29d387c1df34/6/xv_15_t.jpg	<iframe src="https://www.xvideos.com/embedframe/omllvem4df5" frameborder=0 width=510 height=400 scrolling=no allowfullscreen=allowfullscreen></iframe>
https://thumbs-gcore.others-cdn.com/26470d9a-9f16-49b3-815e-05ec84126105/6/xv_15_t.jpg	<iframe src="https://www.xvideos.com/embedframe/ompdlblfd41" frameborder=0 width=510 height=400 scrolling=no allowfullscreen=allowfullscreen></iframe>
https://thumbs-gcore.others-cdn.com/41845753-9069-4444-a66b-d2a94b4f5a74/4/xv_24_t.jpg	<iframe src="https://www.xvideos.com/embedframe/opifeei18b8" frameborder=0 width=510 height=400 scrolling=no allowfullscreen=allowfullscreen></iframe>
https://thumb-cdn77.others-cdn.com/6fae6603-b189-4ab5-94ca-05c0d7cb0517/6/xv_30_t.jpg	<iframe src="https://www.xvideos.com/embedframe/omvclbfc9c3" frameborder=0 width=510 height=400 scrolling=no allowfullscreen=allowfullscreen></iframe>
https://thumb-cdn77.others-cdn.com/a558597b-73ef-41e0-8fb0-45e18740f282/0/xv_15_t.jpg	<iframe src="https://www.xvideos.com/embedframe/outkcdvee52" frameborder=0 width=510 height=400 scrolling=no allowfullscreen=allowfullscreen></iframe>
https://thumb-cdn77.others-cdn.com/636ccec6-80b7-4f02-b905-a69730fe3153/6/xv_22_t.jpg	<iframe src="https://www.xvideos.com/embedframe/omaohbmd45d" frameborder=0 width=510 height=400 scrolling=no allowfullscreen=allowfullscreen></iframe>
https://thumb-cdn77.others-cdn.com/5cb42478-54b4-4d9a-83ac-30d73e4afef3/6/xv_15_t.jpg	<iframe src="https://www.xvideos.com/embedframe/omlfcek4ea8" frameborder=0 width=510 height=400 scrolling=no allowfullscreen=allowfullscreen></iframe>
https://thumb-cdn77.others-cdn.com/922c6459-4b95-4fbe-a77d-f5fe1e8bc633/6/xv_15_t.jpg	<iframe src="https://www.xvideos.com/embedframe/ompmpvfb34c" frameborder=0 width=510 height=400 scrolling=no allowfullscreen=allowfullscreen></iframe>
https://thumb-cdn77.others-cdn.com/33a15e99-bd9a-4961-b457-8912d682b75f/6/xv_9_t.jpg	<iframe src="https://www.xvideos.com/embedframe/omahvpo93e2" frameborder=0 width=510 height=400 scrolling=no allowfullscreen=allowfullscreen></iframe>
https://thumb-cdn77.others-cdn.com/e6f5d8d9-e178-4db6-9d41-b0ece78b9826/3/xv_25_t.jpg	<iframe src="https://www.xvideos.com/embedframe/ooclhcv3beb" frameborder=0 width=510 height=400 scrolling=no allowfullscreen=allowfullscreen></iframe>
https://thumb-cdn77.others-cdn.com/19a9b9ad-6f4d-4613-ad8a-fe1af818982b/6/xv_15_t.jpg	<iframe src="https://www.xvideos.com/embedframe/omvcbtoec87" frameborder=0 width=510 height=400 scrolling=no allowfullscreen=allowfullscreen></iframe>
https://thumb-cdn77.others-cdn.com/36972e60-7ed5-4c13-9300-438a3483c447/6/xv_15_t.jpg	<iframe src="https://www.xvideos.com/embedframe/omlhebvc1b5" frameborder=0 width=510 height=400 scrolling=no allowfullscreen=allowfullscreen></iframe>
https://thumb-cdn77.others-cdn.com/2dba7c2d-5d7e-4a28-a43c-6c0d6a8ba00b/5/xv_13_t.jpg	<iframe src="https://www.xvideos.com/embedframe/ophuaad3cd1" frameborder=0 width=510 height=400 scrolling=no allowfullscreen=allowfullscreen></iframe>
https://thumb-cdn77.others-cdn.com/629da4d3-d7c7-4337-8010-a22d159c7fc0/5/xv_15_t.jpg	<iframe src="https://www.xvideos.com/embedframe/opehect5cac" frameborder=0 width=510 height=400 scrolling=no allowfullscreen=allowfullscreen></iframe>
https://thumbs-gcore.others-cdn.com/4b555ef9-eee1-4462-9310-4a6d5b25007a/6/xv_15_t.jpg	<iframe src="https://www.xvideos.com/embedframe/omotfiff120" frameborder=0 width=510 height=400 scrolling=no allowfullscreen=allowfullscreen></iframe>
https://thumb-cdn77.others-cdn.com/277f8284-9f55-437f-b072-4be424efdac1/6/xv_15_t.jpg	<iframe src="https://www.xvideos.com/embedframe/omveulb2d6c" frameborder=0 width=510 height=400 scrolling=no allowfullscreen=allowfullscreen></iframe>
https://thumb-cdn77.others-cdn.com/46e0db7c-8d99-46c6-8e2f-971b94907878/5/xv_15_t.jpg	<iframe src="https://www.xvideos.com/embedframe/oppaidm8883" frameborder=0 width=510 height=400 scrolling=no allowfullscreen=allowfullscreen></iframe>
https://thumbs-gcore.others-cdn.com/b7e8b22c-7028-4d27-ab32-6c83a9da9414/6/xv_15_t.jpg	<iframe src="https://www.xvideos.com/embedframe/omlfchhfa36" frameborder=0 width=510 height=400 scrolling=no allowfullscreen=allowfullscreen></iframe>
https://thumb-cdn77.others-cdn.com/9fc3f833-739e-44fe-9cb5-e24e3b830ed0/6/xv_15_t.jpg	<iframe src="https://www.xvideos.com/embedframe/ompdldkcb0c" frameborder=0 width=510 height=400 scrolling=no allowfullscreen=allowfullscreen></iframe>
https://thumb-cdn77.others-cdn.com/e261e926-ae5a-415e-b028-4bd81f252457/6/xv_15_t.jpg	<iframe src="https://www.xvideos.com/embedframe/omvmkoac1a5" frameborder=0 width=510 height=400 scrolling=no allowfullscreen=allowfullscreen></iframe>
https://thumb-cdn77.others-cdn.com/944648a8-02bd-4dfd-a8d7-fbbdb44af898/6/xv_15_t.jpg	<iframe src="https://www.xvideos.com/embedframe/omolibi4421" frameborder=0 width=510 height=400 scrolling=no allowfullscreen=allowfullscreen></iframe>
https://thumb-cdn77.others-cdn.com/61a1d4fd-f123-4436-8d67-deff02840745/6/xv_15_t.jpg	<iframe src="https://www.xvideos.com/embedframe/omudpaa4706" frameborder=0 width=510 height=400 scrolling=no allowfullscreen=allowfullscreen></iframe>
https://thumbs-gcore.others-cdn.com/43e5ed5c-f426-422b-8c64-79c31525f4f3/6/xv_15_t.jpg	<iframe src="https://www.xvideos.com/embedframe/omlhplo6f3a" frameborder=0 width=510 height=400 scrolling=no allowfullscreen=allowfullscreen></iframe>
https://thumb-cdn77.others-cdn.com/f571d288-b273-45c1-9aa0-b981611df020/6/xv_25_t.jpg	<iframe src="https://www.xvideos.com/embedframe/omvobvtc11b" frameborder=0 width=510 height=400 scrolling=no allowfullscreen=allowfullscreen></iframe>
https://thumb-cdn77.others-cdn.com/64f593e5-d5ed-4bbc-a1f0-a558f395f005/6/xv_15_t.jpg	<iframe src="https://www.xvideos.com/embedframe/omladeadffb" frameborder=0 width=510 height=400 scrolling=no allowfullscreen=allowfullscreen></iframe>
https://thumb-cdn77.others-cdn.com/29b2be92-8ebf-43b0-b175-ed54ed0451e0/6/xv_15_t.jpg	<iframe src="https://www.xvideos.com/embedframe/omaihhi94a7" frameborder=0 width=510 height=400 scrolling=no allowfullscreen=allowfullscreen></iframe>
https://thumb-cdn77.others-cdn.com/c683bd20-db4e-49b2-afe5-d69f4661c7c2/6/xv_15_t.jpg	<iframe src="https://www.xvideos.com/embedframe/omvalvu12b3" frameborder=0 width=510 height=400 scrolling=no allowfullscreen=allowfullscreen></iframe>
https://thumb-cdn77.others-cdn.com/376623d2-67f4-407f-9f7d-ba432d4d63fc/6/xv_15_t.jpg	<iframe src="https://www.xvideos.com/embedframe/omvfbtb0cf9" frameborder=0 width=510 height=400 scrolling=no allowfullscreen=allowfullscreen></iframe>
https://thumb-cdn77.others-cdn.com/8d4424e3-1726-482b-bd2d-f59627a93529/6/xv_15_t.jpg	<iframe src="https://www.xvideos.com/embedframe/ompdldv5369" frameborder=0 width=510 height=400 scrolling=no allowfullscreen=allowfullscreen></iframe>
https://thumb-cdn77.others-cdn.com/a5da0a23-c871-4323-957f-f569a7a80635/4/xv_23_t.jpg	<iframe src="https://www.xvideos.com/embedframe/opklvlm242d" frameborder=0 width=510 height=400 scrolling=no allowfullscreen=allowfullscreen></iframe>
https://thumb-cdn77.others-cdn.com/2d0b0110-a785-473d-b994-47728efd5ca4/6/xv_15_t.jpg	<iframe src="https://www.xvideos.com/embedframe/omvbvplce73" frameborder=0 width=510 height=400 scrolling=no allowfullscreen=allowfullscreen></iframe>
https://thumb-cdn77.others-cdn.com/c9a0ca06-35dd-4e70-b7c7-d097aea7d0b9/6/xv_15_t.jpg	<iframe src="https://www.xvideos.com/embedframe/omupuvl0b1b" frameborder=0 width=510 height=400 scrolling=no allowfullscreen=allowfullscreen></iframe>
https://thumb-cdn77.others-cdn.com/023f3911-6d4b-4f9b-8efd-4e0f27a70590/3/xv_28_t.jpg	<iframe src="https://www.xvideos.com/embedframe/oooiedea3b3" frameborder=0 width=510 height=400 scrolling=no allowfullscreen=allowfullscreen></iframe>
https://thumb-cdn77.others-cdn.com/430525c4-225f-4e9f-9202-565e6ea26333/6/xv_15_t.jpg	<iframe src="https://www.xvideos.com/embedframe/omlkokt2478" frameborder=0 width=510 height=400 scrolling=no allowfullscreen=allowfullscreen></iframe>
https://thumb-cdn77.others-cdn.com/989578d9-dec1-4e37-9ee2-b3562c0643d2/6/xv_15_t.jpg	<iframe src="https://www.xvideos.com/embedframe/omlaamb494d" frameborder=0 width=510 height=400 scrolling=no allowfullscreen=allowfullscreen></iframe>
https://thumb-cdn77.others-cdn.com/4feaab10-387c-4af7-b435-177a1adc5852/6/xv_15_t.jpg	<iframe src="https://www.xvideos.com/embedframe/omaivaf47c7" frameborder=0 width=510 height=400 scrolling=no allowfullscreen=allowfullscreen></iframe>
https://thumbs-gcore.others-cdn.com/c342c3fa-4632-4447-87ae-d8b09bc0f7ed/6/xv_15_t.jpg	<iframe src="https://www.xvideos.com/embedframe/ommakto0840" frameborder=0 width=510 height=400 scrolling=no allowfullscreen=allowfullscreen></iframe>
https://thumb-cdn77.others-cdn.com/3f18082a-f307-49fa-8bc4-418eff19517c/6/xv_15_t.jpg	<iframe src="https://www.xvideos.com/embedframe/opfibbo3182" frameborder=0 width=510 height=400 scrolling=no allowfullscreen=allowfullscreen></iframe>
https://thumb-cdn77.others-cdn.com/9379ca04-46ea-4674-a94f-b5cc839eeea6/6/xv_15_t.jpg	<iframe src="https://www.xvideos.com/embedframe/omlpepp523f" frameborder=0 width=510 height=400 scrolling=no allowfullscreen=allowfullscreen></iframe>
https://thumb-cdn77.others-cdn.com/fe07f0c5-ca42-44ab-9ced-a265f48f6232/6/xv_15_t.jpg	<iframe src="https://www.xvideos.com/embedframe/omvhmbk464a" frameborder=0 width=510 height=400 scrolling=no allowfullscreen=allowfullscreen></iframe>
https://thumb-cdn77.others-cdn.com/1791a3e6-58fa-4c26-9693-515bbcac51f4/6/xv_15_t.jpg	<iframe src="https://www.xvideos.com/embedframe/omatfimb015" frameborder=0 width=510 height=400 scrolling=no allowfullscreen=allowfullscreen></iframe>
https://thumb-cdn77.others-cdn.com/bf03eebe-8666-4a33-9880-4276ed23ad8f/6/xv_15_t.jpg	<iframe src="https://www.xvideos.com/embedframe/omlaalm1896" frameborder=0 width=510 height=400 scrolling=no allowfullscreen=allowfullscreen></iframe>
https://thumb-cdn77.others-cdn.com/7ad57a85-9fd7-4dfa-835e-064fcf2c55d8/3/xv_15_t.jpg	<iframe src="https://www.xvideos.com/embedframe/oooikad38b2" frameborder=0 width=510 height=400 scrolling=no allowfullscreen=allowfullscreen></iframe>
https://thumb-cdn77.others-cdn.com/a9b2ee53-4e16-496d-bd83-afad79111bbf/6/xv_15_t.jpg	<iframe src="https://www.xvideos.com/embedframe/omvfdehab30" frameborder=0 width=510 height=400 scrolling=no allowfullscreen=allowfullscreen></iframe>